{
  "path": "mod_roots/plants/roots_infernal_bulb_plant.json",
  "enabled": true,
  "id": "roots:infernal_bulb_plant",
  "plant_name": "Infernal Bulb",
  "seed_name": "Infernal Bulb Sprouts",
  "seed_items": [
    {
      "item": "roots:infernal_bulb",
      "meta": 0,
      "tags": "",
      "ignoreMeta": false,
      "ignoreTags": [
        "*"
      ],
      "useOreDict": false
    }
  ],
  "description": {
    "translations": {},
    "default": "Infernal Bulb sprouts."
  },
  "growth_chance": 0.9,
  "growth_bonus": 0.025,
  "bonemeal": false,
  "tier": 1,
  "weedable": false,
  "aggressive": false,
  "spread_chance": 0.1,
  "spawn_chance": 0.0,
  "grass_drop_chance": 0.0,
  "seed_drop_chance": 1.0,
  "seed_drop_bonus": 0.0,
  "products": {
    "products": [
      {
        "min": 1,
        "max": 5,
        "chance": 0.9,
        "required": true,
        "item": "roots:infernal_bulb",
        "meta": 0,
        "tags": "",
        "ignoreMeta": false,
        "ignoreTags": [],
        "useOreDict": false
      }
    ]
  },
  "requirement": {
    "min_light": 10,
    "max_light": 16,
    "soils": [
      "magmatic_soil_soil"
    ],
    "conditions": []
  },
  "texture": {
    "render_type": "hash",
    "seed_texture": "roots:items/infernal_bulb",
    "plant_textures": [
      "roots:blocks/infernal_bulb_0",
      "roots:blocks/infernal_bulb_1",
      "roots:blocks/infernal_bulb_2",
      "roots:blocks/infernal_bulb_3"
    ]
  }
}
