{
  "path": "vanilla/plants/orange_tulip_plant.json",
  "enabled": true,
  "id": "vanilla:orange_tulip_plant",
  "plant_name": "Orange Tulip",
  "seed_name": "Orange Tulip Seeds",
  "seed_items": [],
  "description": {
    "translations": {},
    "default": "A rarity by any measure."
  },
  "growth_chance": 0.75,
  "growth_bonus": 0.025,
  "bonemeal": true,
  "tier": 1,
  "weedable": false,
  "aggressive": false,
  "spread_chance": 0.1,
  "spawn_chance": 0.0,
  "grass_drop_chance": 0.0,
  "seed_drop_chance": 1.0,
  "seed_drop_bonus": 0.0,
  "products": {
    "products": [
      {
        "min": 1,
        "max": 1,
        "chance": 0.75,
        "required": true,
        "item": "minecraft:dye",
        "meta": 14,
        "tags": "",
        "ignoreMeta": false,
        "ignoreTags": [],
        "useOreDict": false
      }
    ]
  },
  "requirement": {
    "min_light": 10,
    "max_light": 16,
    "soils": [
      "farmland_soil",
      "grass_soil",
      "fertilized_dirt_soil",
      "fertile_soil",
      "loamy_farmland_soil",
      "sandy_farmland_soil",
      "silty_farmland_soil",
      "fertilized_farmland_stable_soil",
      "fertilized_farmland_rich_stable_soil",
      "fertilized_farmland_rich_soil",
      "fertilized_farmland_healthy_stable_soil",
      "fertilized_farmland_healthy_soil"
    ],
    "conditions": []
  },
  "texture": {
    "render_type": "hash",
    "seed_texture": "agricraft:items/seed_tulip_orange",
    "plant_textures": [
      "agricraft:blocks/crop_tulip_orange1",
      "agricraft:blocks/crop_tulip_orange1",
      "agricraft:blocks/crop_tulip_orange2",
      "agricraft:blocks/crop_tulip_orange2",
      "agricraft:blocks/crop_tulip_orange2",
      "agricraft:blocks/crop_tulip_orange3",
      "agricraft:blocks/crop_tulip_orange3",
      "agricraft:blocks/crop_tulip_orange4"
    ]
  }
}
