{
  "path": "mod_mysticalagriculture/plants/slime_plant.json",
  "enabled": true,
  "id": "mysticalagriculture:slime_plant",
  "plant_name": "Slime Crop",
  "seed_name": "Slime Seeds",
  "seed_items": [
    {
      "item": "mysticalagriculture:slime_seeds",
      "meta": 0,
      "tags": "",
      "ignoreMeta": false,
      "ignoreTags": [
        "*"
      ],
      "useOreDict": false
    }
  ],
  "description": {
    "translations": {},
    "default": "Slime Seeds."
  },
  "growth_chance": 0.9,
  "growth_bonus": 0.025,
  "bonemeal": false,
  "tier": 1,
  "weedable": false,
  "aggressive": false,
  "spread_chance": 0.1,
  "spawn_chance": 0.0,
  "grass_drop_chance": 0.0,
  "seed_drop_chance": 1.0,
  "seed_drop_bonus": 0.0,
  "products": {
    "products": [
      {
        "min": 1,
        "max": 5,
        "chance": 0.9,
        "required": true,
        "item": "mysticalagriculture:slime_essence",
        "meta": 0,
        "tags": "",
        "ignoreMeta": false,
        "ignoreTags": [],
        "useOreDict": false
      }
    ]
  },
  "requirement": {
    "min_light": 10,
    "max_light": 16,
    "soils": [
      "farmland_soil",
      "fertilized_dirt_soil",
      "fertile_soil",
      "loamy_farmland_soil",
      "sandy_farmland_soil",
      "silty_farmland_soil",
      "loamy_farmland_soil",
      "sandy_farmland_soil",
      "silty_farmland_soil",
      "fertilized_farmland_stable_soil",
      "fertilized_farmland_rich_stable_soil",
      "fertilized_farmland_rich_soil",
      "fertilized_farmland_healthy_stable_soil",
      "fertilized_farmland_healthy_soil"
    ],
    "conditions": []
  },
  "texture": {
    "render_type": "cross",
    "seed_texture": "mysticalagriculture:items/slime_seeds",
    "plant_textures": [
      "mysticalagriculture:blocks/crop0",
      "mysticalagriculture:blocks/crop1",
      "mysticalagriculture:blocks/crop2",
      "mysticalagriculture:blocks/crop2",
      "mysticalagriculture:blocks/crop3",
      "mysticalagriculture:blocks/crop4",
      "mysticalagriculture:blocks/crop4",
      "mysticalagriculture:blocks/slime_crop"
    ]
  }
}
